# The package set, and the single source of truth for it.
#
# build/BuildNugets.sh packs in this order, the package tests read it. Adding a package means
# adding a row here and a project under src/ — nothing else keeps a second copy of the list.
#
# Rows are in dependency order.
#
# Columns
#   id      the package's name segment: the .csproj/PackageId is Net.Agora.<id>.Mac
#   deps    other ids in this repository it depends on, comma separated, or -
#
# Only the products Agora distributes a native macOS SDK for are here: Video (RTC), Voice and
# Signaling (RTM), plus the RTC feature extensions. There is deliberately no Chat, IoT, Fastboard
# or Whiteboard row — Agora ships no native macOS SDK for those (netless's Whiteboard is a UIKit
# source pod with no AppKit build; its "macOS" offering is the JavaScript web SDK). See README.md.
#
# id	deps
Video	-
Voice	-
Signaling	-
# The optional RTC feature extensions: native payload only, no managed API, no dependency on
# either RTC package. Their frameworks come out of the AgoraRtcEngine_macOS archive itself — see
# build/fetch-extensions.sh, which reads these rows.
Extensions.Ains	-
Extensions.Aiaec	-
Extensions.AudioBeauty	-
Extensions.SpatialAudio	-
Extensions.VirtualBackground	-
Extensions.ContentInspect	-
Extensions.ClearVision	-
Extensions.FaceCapture	-
Extensions.FaceDetection	-
Extensions.VideoQualityAnalyzer	-
Extensions.VideoEncoder	-
Extensions.Av1Encoder	-
